Institution,City,Country,Website,Latitude,Longitude
University of Algiers - Architecture Dept.,Algiers,Algeria,https://www.univ-alger.dz,36.7538,3.0588
University of Annaba - Department of Architecture,Annaba,Algeria,https://www.univ-annaba.dz,36.9,7.7667
University of Constantine - Faculty of Architecture and Urbanism,Constantine,Algeria,https://www.umc.edu.dz,36.365,6.6147
Polytechnic School of Architecture and Urbanism Hocine Aït Ahmed (EPAU),El Harrach (Algiers),Algeria,http://www.epau-alger.edu.dz,36.7167,3.1333
University of Oran - Architecture & Urbanism,Oran,Algeria,https://www.univ-oran.dz,35.6971,-0.6308
Oran University of Science and Technology (USTO) - Architecture Department,Oran,Algeria,https://www.univ-usto.dz,35.6971,-0.6308
University of Sétif - Faculty of Architecture,Sétif,Algeria,https://www.univ-setif.dz,36.191,5.4131
University of Tlemcen - Faculty of Architecture,Tlemcen,Algeria,https://www.univ-tlemcen.dz,34.878,-1.3157
Universidade Agostinho Neto - Architecture/Urbanism,Luanda,Angola,https://www.unangola.org,-8.839,13.2894
Methodist University of Angola - Faculty of Architecture and Urbanism,Luanda,Angola,https://www.uma.ao,-8.839,13.2894
Instituto Superior Politécnico Atlântica - Architecture Programs,Luanda,Angola,https://www.ispa.ao,-8.839,13.2894
Universidade Mandume ya Ndemufayo (UMN) - Architecture & Urban Planning,Lubango,Angola,https://umn.ed.ao,-14.9175,13.4925
University of Botswana - Dept. of Architecture & Civil Engineering,Gaborone,Botswana,https://www.ub.bw,-24.6282,25.9231
Université de Ouagadougou - Architecture / Built Environment,Ouagadougou,Burkina Faso,https://www.univ-ouaga.bf,12.3714,-1.5197
University of Buea - Architecture/ Built Environment (Cameroon),Buea,Cameroon,https://www.ubuea.cm,4.1539,9.2457
University of Douala - Fine Arts / Architecture,Douala,Cameroon,https://www.univ-douala.com,4.0511,9.7679
University of Dschang - Fine Arts / Architecture,Dschang,Cameroon,https://www.univ-dschang.org,5.4469,10.0667
University of Yaoundé I - Institute / Faculty of Architecture,Yaoundé,Cameroon,https://www.univ-yaounde1.cm,3.848,11.5021
University of Bangui - Architecture / Built Environment (CAR),Bangui,Central African Republic,https://www.univ-rca.org,4.3947,18.5582
École du Patrimoine Africain (EPA) - Cultural Heritage & Built Environment,Porto-Novo,Benin,https://www.epa-prema.net,6.4969,2.6289
Centro Nacional de Arte Artesanato e Design (CNAD) - Design & Architecture Programs,Mindelo,Cabo Verde,https://www.cnad.cv,16.8894,-24.9811
University of N'Djamena - Architecture / Built Environment (Chad),N'Djamena,Chad,https://www.universite-ndjamena.td,12.1348,15.0557
Université de Kinshasa (UNIKIN) - Faculty of Architecture,Kinshasa,Democratic Republic of Congo,https://www.unikin.ac.cd,-4.4419,15.2663
Académie des Beaux-Arts (ABA) - Institut Supérieur d'Architecture et Urbanisme,Kinshasa,Democratic Republic of Congo,http://www.academiedesbeauxarts.cd,-4.325,15.3222
Université de Kisangani - Department of Architecture,Kisangani,Democratic Republic of Congo,https://www.unikis.ac.cd,0.5153,25.191
Université de Lubumbashi - Faculty of Architecture,Lubumbashi,Democratic Republic of Congo,https://www.unilu.ac.cd,-11.6879,27.5023
University of Djibouti - Architecture / Built Environment,Djibouti,Djibouti,https://www.univ.edu.dj,11.5721,43.1456
Alexandria University - Faculty of Fine Arts / Architecture,Alexandria,Egypt,https://www.alexu.edu.eg,31.2001,29.9187
Ain Shams University - Faculty of Engineering (Architecture),Cairo,Egypt,https://www.asu.edu.eg,30.0561,31.33
American University in Cairo - Department of Architecture & Construction,Cairo,Egypt,https://www.aucegypt.edu,30.02,31.499
German University in Cairo - Architecture Dept.,Cairo,Egypt,https://www.guc.edu.eg,30.1,31.255
University of Al-Azhar - Architecture-related (Cairo),Cairo,Egypt,https://www.azhar.edu.eg,30.0444,31.2357
Cairo University - Faculty of Engineering (Architecture),Cairo/Giza,Egypt,https://cu.edu.eg,30.0131,31.2089
Misr International University (MIU) - Faculty of Architecture,Cairo,Egypt,https://www.miuegypt.edu.eg,30.0083,31.4237
Future University in Egypt (FUE) - Faculty of Engineering (Architecture),New Cairo,Egypt,https://www.fue.edu.eg,30.0319,31.4822
October 6 University - Faculty of Engineering (Architecture),Giza,Egypt,https://www.o6u.edu.eg,29.9559,30.9237
Helwan University - Faculty of Fine Arts (Architecture),Cairo,Egypt,https://www.helwan.edu.eg,29.8497,31.3018
"Addis Ababa University - Ethiopian Institute of Architecture, Building Construction & City Development (EiABC)",Addis Ababa,Ethiopia,https://www.eiabc.edu.et,9.03,38.7469
Addis Ababa Science and Technology University - Department of Architecture & Civil Engineering,Addis Ababa,Ethiopia,https://www.aastu.edu.et,9.03,38.7469
Arba Minch University - Faculty of Architecture & Design,Arba Minch,Ethiopia,https://www.amu.edu.et,6.035,37.562
Bahir Dar University - Faculty of Architecture & Urban Planning,Bahir Dar,Ethiopia,https://www.bdu.edu.et,11.5933,37.3895
Haramaya University - Architecture / Built Environment (Ethiopia),Haramaya,Ethiopia,https://www.haramaya.edu.et,9.4012,42.0339
Hawassa University - Institute of Technology - Architecture Programs,Hawassa,Ethiopia,https://www.hu.edu.et,7.05,38.4833
Jimma University - Faculty of Technology - Architecture Programs,Jimma,Ethiopia,https://www.ju.edu.et,7.68,36.835
Mekelle University - College of Engineering & Technology - Architecture,Mekelle,Ethiopia,https://www.mu.edu.et,13.4967,39.4753
Université des Sciences et Techniques de Masuku (USTM) - Architectural Engineering,Franceville,Gabon,https://www.ustm.ga,-1.6333,13.5833
Université Omar Bongo (UOB) - School of Architecture & Urban Planning,Libreville,Gabon,http://www.uob-uog.ga,0.3901,9.4544
École Nationale Supérieure des Travaux Publics (ENSTP) - Civil Engineering & Construction,Libreville,Gabon,http://www.enstp.ga,0.3901,9.4544
Institut Supérieur de Technologie de Libreville (ISTL) - Building & Construction Management,Libreville,Gabon,http://www.istl.ga,0.3901,9.4544
Universidad Nacional de Guinea Ecuatorial (UNGE) - Engineering & Built Environment,Malabo,Equatorial Guinea,https://unge-ge.org,3.7504,8.7371
University of the Gambia - Built Environment programs,Banjul,Gambia,https://www.utg.edu.gm,13.4549,-16.579
University of Ghana - School of Architecture & Design,Accra,Ghana,https://www.ug.edu.gh,5.6037,-0.187
Amílcar Cabral University - Engineering & Built Environment,Bissau,Guinea-Bissau,https://www.uac.gw,11.8592,-15.5956
Central University - School of Architecture & Design,Accra,Ghana,https://www.central.edu.gh,5.6037,-0.187
University of Cape Coast - Architecture-related programs,Cape Coast,Ghana,https://www.ucc.edu.gh,5.1052,-1.2466
Kwame Nkrumah University of Science & Technology - Dept. of Architecture,Kumasi,Ghana,https://www.knust.edu.gh,6.6885,-1.6244
Université de Conakry - Architecture / Built Environment,Conakry,Guinea,https://www.univ-conakry.gn,9.6412,-13.5784
Université Félix Houphouët-Boigny - Architecture (Côte d'Ivoire),Abidjan,Ivory Coast,https://www.univ-fhb.edu.ci,5.3453,-4.0244
"Jomo Kenyatta University of Agriculture & Technology - School of Architecture, Building & Design",Juja/Nairobi,Kenya,https://www.jkuat.ac.ke,-1.1769,37.0121
University of Nairobi - Department of Architecture & Building Sciences,Nairobi,Kenya,https://www.uonbi.ac.ke,-1.2864,36.8172
Kenyatta University - Department of Architecture & Physical Planning,Nairobi,Kenya,https://www.ku.ac.ke,-1.2544,36.9076
Technical University of Kenya - Architecture related,Nairobi,Kenya,https://www.tukenya.ac.ke,-1.2833,36.8167
University of Liberia - Built Environment,Monrovia,Liberia,https://www.ul.edu.lr,6.3156,-10.8074
University of Tripoli - Architecture programs,Tripoli,Libya,https://www.uot.edu.ly,32.8872,13.1913
University of Antananarivo - Architecture programs,Antananarivo,Madagascar,https://www.univ-antananarivo.mg,-18.8792,47.5079
University of Malawi - Architecture / Built Environment,Zomba/Lilongwe,Malawi,https://www.unima.mw,-13.9626,33.7741
University of Bamako - Architecture related programs (Mali),Bamako,Mali,https://www.um.edu.ml,12.6392,-8.0029
Université de Nouakchott Al Aasriya - Engineering & Urban Planning,Nouakchott,Mauritania,https://www.univ-nkc.mr,18.0858,-15.9785
Université des Mascareignes (UdM) - School of Built Environment & Architecture,Beau Bassin-Rose Hill,Mauritius,https://udm.ac.mu,-20.2333,57.4667
École Nationale Supérieure d'Architecture de Nantes (ENSA Nantes) - Mauritius Campus,Pierrefonds,Mauritius,https://nantes-archi.mu,-20.3283,57.4794
"University of Technology, Mauritius (UTM) - School of Sustainable Development & Tourism - Architecture",Pointe aux Sables,Mauritius,https://www.utm.ac.mu,-20.1,57.4833
University of Mauritius - Building & Construction Technology,Port Louis,Mauritius,https://www.uom.ac.mu,-20.1609,57.5012
École Nationale d'Architecture (ENSA) - Agadir,Agadir,Morocco,https://www.ensa.ma,30.4278,-9.5981
"University Mohammed VI Polytechnic (UM6P) - School of Architecture, Planning & Design",Benguerir,Morocco,https://www.um6p.ma,32.2333,-7.95
École d'Architecture de Casablanca (EAC) - Private Architecture School,Casablanca,Morocco,https://www.ecolearchicasa.com,33.5731,-7.5898
Ecole Nationale d'Architecture (Casablanca/Rabat) - ENSA,Casablanca/Rabat,Morocco,https://www.ensa.ma,33.5731,-7.5898
École Nationale d'Architecture (ENSA) - Fes,Fes,Morocco,https://www.ensa.ma,34.0333,-5.0
Private University of Fes (UPF) - Higher School of Architecture & Building Trades,Fes,Morocco,https://www.upf.ac.ma,34.0333,-5.0
Guelmim School of Technology - Architecture & Design Programs,Guelmim,Morocco,https://www.akdn.org,28.987,-10.0574
École Nationale d'Architecture (ENSA) - Marrakech,Marrakech,Morocco,https://www.ensa.ma,31.6295,-7.9811
Université Mohammed V - Faculty of Architecture (Rabat),Rabat,Morocco,https://www.um5.ac.ma,34.0209,-6.8416
Higher School of Architecture of Rabat (UIR) - Université Internationale de Rabat,Rabat,Morocco,https://www.uir.ac.ma,34.0209,-6.8416
École Nationale d'Architecture (ENSA) - Tetouan,Tetouan,Morocco,https://www.ensa.ma,35.5889,-5.3626
Universidade Eduardo Mondlane - Faculty of Architecture & Urbanism,Maputo,Mozambique,https://www.uem.mz,-25.9653,32.5892
Universidade Jean Piaget - (Mozambique) - Architecture-related,Maputo,Mozambique,https://www.upiaget.cv,-25.9653,32.5892
Universidade Lurio - Nampula (Mozambique) - Built Environment,Nampula,Mozambique,https://www.ulurio.ac.mz,-15.116,39.268
University of Namibia - Faculty of Engineering & Built Environment,Windhoek,Namibia,https://www.unam.edu.na,-22.5609,17.0658
"Namibia University of Science and Technology (NUST) - Department of Architecture, Planning & Construction",Windhoek,Namibia,https://www.nust.na,-22.5609,17.0658
College of the Arts (COTA) - Design & Architecture Studies,Windhoek,Namibia,https://www.cota.na,-22.5609,17.0658
International University of Management (IUM) - School of Engineering & Built Environment,Windhoek,Namibia,https://www.ium.edu.na,-22.5609,17.0658
University of Abuja - Architecture-related programs,Abuja,Nigeria,https://www.uniabuja.edu.ng,9.0765,7.3986
Nnamdi Azikiwe University - Architecture programs,Awka,Nigeria,https://unizik.edu.ng,6.2106,7.0707
University of Benin - Architecture-related programs,Benin City,Nigeria,https://www.uniben.edu,6.3382,5.6258
University of Ibadan - Architecture-related programs,Ibadan,Nigeria,https://www.ui.edu.ng,7.3775,3.947
Lead City University - School of Environmental Design & Architecture,Ibadan,Nigeria,https://www.lcu.edu.ng,7.3775,3.947
Obafemi Awolowo University - Dept. of Architecture,Ile-Ife,Nigeria,https://www.oauife.edu.ng,7.521,4.5714
University of Ilorin - Architecture / Built Environment,Ilorin,Nigeria,https://www.unilorin.edu.ng,8.5,4.5417
University of Lagos - Department of Architecture,Lagos,Nigeria,https://unilag.edu.ng,6.5244,3.3792
"University of Nigeria, Nsukka - Department of Architecture",Nsukka,Nigeria,https://www.unn.edu.ng,6.86,7.355
Covenant University - College of Science & Technology (Architecture),Ota,Nigeria,https://www.covenantuniversity.edu.ng,6.687,3.21
University of Port Harcourt - Architecture-related programs,Port Harcourt,Nigeria,https://www.uniport.edu.ng,4.8156,7.0498
Ahmadu Bello University - Department of Architecture,Zaria,Nigeria,https://www.abu.edu.ng,11.1117,7.7223
Université Abdou Moumouni - Engineering & Built Environment,Niamey,Niger,https://www.uam.refer.ne,13.5127,2.1128
Université Marien Ngouabi - Faculty of Architecture & Urban Planning,Brazzaville,Republic of Congo,https://www.umng.cg,-4.2699,15.2715
University Campus Denis Sassou Nguesso - Polytechnic School (Architecture & Built Environment),Kintele,Republic of Congo,https://www.ucdsnguesso.cg,-4.1135,15.2663
University of Rwanda - College of Science & Technology (Built Environment),Kigali,Rwanda,https://www.ur.ac.rw,-1.9706,30.1044
University Cheikh Anta Diop (UCAD) - Department of Architecture,Dakar,Senegal,https://www.ucad.edu.sn,14.6928,-17.4467
Université Gaston Berger - Saint-Louis (Architecture-related),Saint-Louis,Senegal,https://www.ugb.sn,16.0165,-16.4897
University of Seychelles - (Seychelles) - Built Environment,Victoria,Seychelles,https://www.siu.edu.sc,-4.6191,55.4513
University of Sierra Leone - Built Environment (Freetown),Freetown,Sierra Leone,https://www.usl.edu.sl,8.4657,-13.2317
Somali National University - Faculty of Engineering (Architectural Engineering),Mogadishu,Somalia,https://eng.snu.edu.so,2.0469,45.3182
City University of Mogadishu - College of Engineering & Computing (Architecture),Mogadishu,Somalia,https://cu.edu.so,2.0469,45.3182
"University of Cape Town - School of Architecture, Planning & Geomatics",Cape Town,South Africa,https://www.uct.ac.za,-33.9576,18.4603
University of KwaZulu-Natal - Architecture & Built Environment,Durban,South Africa,https://www.ukzn.ac.za,-29.8587,31.0218
Durban University of Technology (DUT) - Architecture & Built Environment,Durban,South Africa,https://www.dut.ac.za,-29.8587,31.0218
Nelson Mandela University - School of Architecture,Gqeberha (Port Elizabeth),South Africa,https://www.nelsonmandela.ac.za,-33.9608,25.6022
University of the Witwatersrand - School of Architecture and Planning,Johannesburg,South Africa,https://www.wits.ac.za,-26.1865,28.03
"University of Johannesburg - Faculty of Art, Design & Architecture",Johannesburg,South Africa,https://www.uj.ac.za,-26.2041,28.0473
"University of Pretoria - Faculty of Engineering, Built Environment & IT",Pretoria,South Africa,https://www.up.ac.za,-25.7449,28.1881
Tshwane University of Technology (TUT) - Architecture & Built Environment,Pretoria,South Africa,https://www.tut.ac.za,-25.7321,28.1631
Lerotholi Polytechnic - School of Built Environment,Maseru,Lesotho,https://www.gov.ls,-29.31,27.4833
Limkokwing University of Creative Technology - Architecture & Built Environment,Maseru,Lesotho,https://www.limkokwing.net,-29.31,27.4833
University of Eswatini - Engineering & Built Environment,Kwaluseni,Eswatini,https://www.uneswa.sz,-26.4667,31.2
Eswatini College of Technology (ECOT) - Built Environment Programs,Mbabane,Eswatini,https://www.ecot.ac.sz,-26.3054,31.1367
University of Khartoum - Faculty of Architecture & Regional & Urban Planning,Khartoum,Sudan,https://www.uofk.edu,15.5007,32.5599
"University of Juba - School of Architecture, Land Management & Urban Planning (SALMURP)",Juba,South Sudan,https://uoj.edu.ss,4.8517,31.5825
University of Juba - School of Engineering and Architecture,Juba,South Sudan,https://www.juba-university.com,4.8517,31.5825
"Ardhi University - School of Architecture, Construction Economics & Management",Dar es Salaam,Tanzania,https://www.aru.ac.tz,-6.7924,39.2083
University of Dar es Salaam - Architecture-related programs,Dar es Salaam,Tanzania,https://www.udsm.ac.tz,-6.7924,39.2083
Mbeya University of Science and Technology (MUST) - Architecture & Art Design,Mbeya,Tanzania,https://www.must.ac.tz,-8.9,33.45
University of Lomé - Architecture & Urbanism,Lomé,Togo,https://www.univ-lome.tg,6.1725,1.2314
University of Sfax - Architecture programs,Sfax,Tunisia,https://www.uss.rnu.tn,34.7406,10.7603
North American Private University - International School of Architecture,Sfax,Tunisia,http://www.nau.tn,34.7406,10.7603
University of Tunis El Manar - Faculty of Architecture,Tunis,Tunisia,https://www.utm.rnu.tn,36.8065,10.1815
University of Carthage - National School of Architecture and Urbanism (ENAU),Tunis,Tunisia,http://www.ucar.rnu.tn,36.8065,10.1815
"University of Carthage - Higher Institute of Environmental Technologies, Urban Planning & Building (ISTEUB)",Tunis,Tunisia,http://www.isteub.rnu.tn,36.8065,10.1815
Université Centrale - School of Architecture and Design,Tunis,Tunisia,https://www.universitecentrale.net,36.8065,10.1815
Université Libre de Tunis (ULT) - School of Architecture and Design,Tunis,Tunisia,https://www.ult-tunisie.com,36.8065,10.1815
Graduate School of Audiovisual and Design (ESAD) - Architecture Programs,Tunis,Tunisia,http://www.esad-tunis.com,36.8065,10.1815
Makerere University - Department of Architecture & Physical Planning,Kampala,Uganda,https://www.mak.ac.ug,0.3136,32.5811
University of Zambia - School of Built Environment,Lusaka,Zambia,https://www.unza.zm,-15.3875,28.3228
University of Zimbabwe - Department of Architecture,Harare,Zimbabwe,https://www.uz.ac.zw,-17.8252,31.0335
University of Las Palmas de Gran Canaria (ULPGC) - School of Architecture,Las Palmas,Canary Islands (Spain),https://arq.ulpgc.es,28.1235,-15.4363
Universidad Europea de Canarias - School of Architecture,La Orotava,Canary Islands (Spain),https://universidadeuropea.com,28.3891,-16.5269
Escuela de La Construcción - Construction & Built Environment,Ceuta,Ceuta (Spain),https://www.educacionyfp.gob.es,35.8894,-5.3213
Madeira Interactive Institute (University of Madeira) - Master in Space Design,Funchal,Madeira (Portugal),https://www.uma.pt,32.6669,-16.9241
Conservatório - Escola Profissional das Artes da Madeira - Design & Architecture,Funchal,Madeira (Portugal),https://www.conservatoriodasculturas.com,32.6501,-16.9085
École nationale supérieure d'architecture de La Réunion (ENSA La Réunion),Le Port,Réunion (France),https://www.lareunion-archi.fr,-20.94,55.29
